,E00,E01,E02,Month,Day,work,meal,travel,hobby,study,outdoor_act,entertainment,recreation_etc,household,personal_care,communitiy_interaction
0,1.8122075940052724,1.5482509494144097,1.5963391845987331,11,18,0.0,0.0,0.0,0.0,0.0,0.0,568.0,57.0,0.0,0.0,0.0
1,0.2098783513034021,0.6605000615652443,0.6279797864558532,11,17,307.0,100.0,0.0,0.0,0.0,0.0,69.0,0.0,0.0,0.0,0.0
2,2.058094494358002,1.7211871181513487,1.85058612833528,11,25,92.0,0.0,13.0,0.0,74.0,92.0,0.0,0.0,0.0,0.0,106.0
3,0.1835079463362916,0.5980087223999533,0.5471760781295671,11,26,446.0,31.0,0.0,0.0,0.0,0.0,0.0,0.0,0.0,111.0,0.0
4,1.5785146596836055,1.837262299240706,1.7726664520681226,11,16,-398.0,0.0,33.0,0.0,125.0,0.0,0.0,0.0,0.0,0.0,0.0
5,3.907750688284992,3.71536118571602,3.73665436293345,11,19,420.0,0.0,0.0,0.0,0.0,0.0,0.0,0.0,0.0,0.0,0.0
6,1.0255133302813846,1.0423621664039049,1.0074808328600966,11,28,596.0,-679.0,33.0,0.0,0.0,0.0,0.0,23.0,0.0,0.0,0.0
7,-0.5117789960605137,-0.6078824133413434,-0.6159971553521757,11,27,240.0,204.0,0.0,0.0,0.0,58.0,0.0,61.0,0.0,50.0,0.0
8,1.740623474937678,1.7539630848482233,1.7197961328368905,11,20,-61.0,0.0,0.0,0.0,0.0,0.0,0.0,48.0,0.0,0.0,0.0
